English,Afrikaans,Arabic,Latin,Belarusian,Bulgarian,Catalan,Czech,Welsh,Danish,German,Greek,Esperanto,Spanish,Estonian,Basque,Farsi,Finnish,French,Galician,Gujarati,Hebrew,Hindi,Croatian,Hungarian,Armenian,Indonesian,Icelandic,Italian,Japanese,Georgian,Kazakh,Kannada,Korean,Kyrgyz,Lithuanian,Latvian,Maori,FYRO Macedonian,Mongolian,Marathi,Malay,Maltese,Norwegian,Dutch,Punjabi,Polish,Pashto,Portuguese,Romanian,Russian,Slovak,Slovenian,Albanian,Swedish,Swahili,Tamil,Telugu,Thai,Tagalog,Turkish,Tatar,Ukrainian,Urdu,Syriac,Vietnamese,Xhosa,Chinese,Zulu
part,deel,جزء,qismən,частка,част,part,část,gwahanwyd,en del,Teil,μέρος,parto,parte,osa,banandu,قسمت,osa,partie,parte,ભાગ,חֵלֶק,अंश,dio,rész,մաս,bagian,hluti,parte,部,დანაწილება,бөлу,ಭಾಗ,부분,бөлүгү,dalis. \ T,daļa,wehe,or,хэсэг,भाग,bahagian.,parti,del,een deel,ਹਿੱਸਾ,część,يوه برخه,papel,parte,часть,časť,del,pjesë,del,sehemu.,பகுதி,భాగం,ส่วนหนึ่ง,Bahagi,Bölüm,өлеш,частина,حصہ,qism,phần,inxenye,部分,ingxenye
history,geskiedenis,التاريخ,tarix,гісторыя,История,història,Dějiny,hanes,historie,Geschichte,ιστορία,historio,historia,ajalugu,historia,تاریخ,historia,l'histoire,Historia,ઇતિહાસ,הִיסטוֹרִיָה,इतिहास,povijest,történelem,պատմություն,sejarah,saga,storia,歴史,ისტორია,Тарих,ಇತಿಹಾಸ,역사,тарых,istorija,vēsture,tāhuhu kōrero,Историја,түүх,इतिहास,Sejarah,Storja,historie,geschiedenis,ਇਤਿਹਾਸ,historia,تاریخ,história,istorie,история,história,Zgodovina,histori,historia,Historia,வரலாறு,చరిత్ర,ประวัติศาสตร์,Kasaysayan,Tarih,Тарих,історія,تاریخ,tarix,Môn lịch sử,Imbali,历史,umlando
search,Soek,بحث,axtarış,шукаць,Търсене,cerca,Vyhledávání,chwiliwyd,Søg,Suche,Αναζήτηση,Serĉi,búsqueda,otsing,araketa,جستجو کردن,Hae,chercher,Busca,શોધ,לחפש,तलाशी,traži,keresés,որոնել,Cari,leit.,ricerca,探す,ძებნა,іздеу,ಹುಡುಕಿ Kannada,검색,издөө,Paieška,Meklēt,rapu,пребарување,эрэл хайгуул хийх,शोध,cari,Fittex,Søk,zoekopdracht,ਖੋਜ,Szukaj,لټون,procurar,căutare,поиск,Vyhľadávanie,Iskanje,kërkim,Sök,Utafutaji,தேடல்,వెతకండి,ค้นหา,Search.,Ara,Эзләү,пошук,تلاش,qidirmoq,Tìm kiếm,ukukhankanya,搜索,sesha
Hello,Hallo,مرحبا,Salam,добры дзень,Здравейте,Hola,Ahoj,Helo,Hej,Hallo,γεια σας,Saluton,Hola,Tere,Agur,سلام,Hei,Bonjour,Ola.,નમસ્તે,שלום,नमस्ते,zdravo,Helló,Բարեւ Ձեզ,Halo,Halló,Ciao,こんにちは,გამარჯობა,Сәлеметсіз бе,ಹಲೋ,안녕하세요,салам,Sveiki,Sveiki,Ora,Здраво,Сайн уу,नमस्कार,Hello.,Bongu,Hallo,Hallo,ਸਤ ਸ੍ਰੀ ਅਕਾਲ,Witaj,سلام,Olá,Buna ziua,Привет,Ahoj,zdravo,Përshëndetje,Hej,Hello.,வணக்கம்,హలో,สวัสดี,Kamusta,Merhaba,Сәлам,Здрастуйте,ہیلو,Salom,xin chào,Mholweni,你好,Sawubona
police,polisie,شرطة,polis,паліцыя,Полиция,policia,policie,plismona ',politi,Polizei,αστυνομία,Polico,policía,politsei,polizia,پلیس,Poliisi,police,Policía,પોલીસ,מִשׁטָרָה,पुलिस,policija,rendőrség,ոստիկանություն,polisi,lögregla,Polizia Stradale,警察,პოლიცია,полиция,ಪೊಲೀಸರು,경찰,полиция,Policija,policija,pirihimana,полицијата,цагдаа,पोलिस,polis,Pulizija,politiet,politie,ਪੁਲਿਸ,Policja,پولیس,polícia,politie,полиция,polícia,Policija,polici,polis,Polisi.,காவல்,పోలీస్,ตำรวจ,Pulisya,polis,полиция,поліцейський,پولیس,politsiya,cảnh sát viên,Mapolisa,警察,iphoyisa
thought,gedink,فكر,fikirləşmək,думка,мисъл,pensament,myslel,meddwl,tanke,habe gedacht,σκέψη,pensis,pensó,mõte,pentsaera,فکر,ajatus,pensée,Pensamento,વિચારવું,מַחֲשָׁבָה,विचार,misao,gondolat,միտք,pikiran,hugsun,pensiero,考え,აზრი,ой,ವಿಚಾರ,생각,ой,Maniau,doma,whakaaro,мисла,бодол,विचार,difikirkannya,ħsibt,tenkte,gedachte,ਸੋਚਿਆ,myśl,فکر وکړ,pensamento,gând,мысль,myšlienka,mislil,mendim,trodde,walidhani.,சிந்தனை,ఆలోచన,คิด,naisip,düşünce,уй,подуманий,سوچا,o'ylamoq,tư tưởng,ingcinga,想法,umcabango
help,help,مساعدة,kömək etmək,дапамога,помогне,ajudar,Pomoc,chynorthwyaf,Hjælp,Hilfe,βοήθεια,Helpo,ayuda,aitama,laguntza,کمک,auta,aider,axuda,મદદ,עֶזרָה,मदद,Pomozite,Segítség,Օգնություն,Tolong,hjálp,aiuto,ヘルプ,დახმარება,Көмектесіңдер,ಸಹಾಯ,돕다,жардам,Pagalba,palīdzēt,āwhina,Помош,Туслаач,मदत,bantuan,għajnuna,hjelp,helpen,ਮਦਦ ਕਰੋ,Wsparcie,مرسته,ajuda,Ajutor,помощь,Pomoc,Pomoč,ndihmoj,hjälp,Msaada,உதவி,సహాయం,ช่วย,Tulong,Yardım Edin,Ярдәм итегез,довідка,مدد,Yordam bering,Cứu giúp,Nceda,帮助,Usizo
request,versoek,طلب,istək,просьба,запитване,sol·licitar,žádost,gais,anmodning,Anfrage,αίτηση,peto,solicitud,taotlus,eskatu,درخواست,pyyntö,demande,Solicitude,વિનંતી કરવી,בַּקָשָׁה,प्रार्थना,zahtjev,kérés,խնդրել,meminta,beiðni um,richiesta,リクエスト,თხოვნა,өтініш,ಕೋರಿಕೆ,요구,сурам,Prašymas,pieprasījums,tono,Барање,гүйлт,विनंती,permintaan,Talba,be om,verzoek,ਬੇਨਤੀ,wniosek,غوښتنه,solicitar,cerere,запрос,požiadavka,prošnja,kërkesë,begäran,Ombi,வேண்டுகோள்,అభ్యర్థన,ขอ,hiling,rica etmek,сорау,запит,درخواست,talab qilmoq,yêu cầu,isicelo,要求,nxusa
kind,tipe,طيب القلب,mehriban,добры,мил,amable,druh,caredig,venlig,Art,είδος,afabla,amable,lahke,maitagarri,نوع,ystävällinen,gentil,amable,પ્રકારની,סוג,मेहरबान,ljubazan,kedves,բարի,baik,góður,tipo,親切,კეთილი,ақ көңіл,ರೀತಿಯ,친절한,түрү,malonus,veids,atawhai,Вид,эелдэг,प्रकार,jenis,Kind,snill,vriendelijk,ਦਿਆਲੂ,uprzejmy,مهربان,Gentil,drăguț,своего рода,milý,prijazno,lloj,snäll,aina.,கருணை,రకం,ใจดี,uri,tür,игелекле,добрий,قسمت,mehribon,Tốt bụng,uhlobo,种类,-nomusa
month,maand,شهر,ay,месяц,месец,mes,Měsíc,mis,måned,Monat,μήνας,monato,mes,kuu,hil,ماه,kuukausi,mois,mes,માસ,חוֹדֶשׁ,महीना,mjesec,hónap,ամիս,bulan,mánuður,mese,月,თვე,ай,ತಿಂಗಳು,월,ай,mėnuo,mēnesis,marama,месец,сар,महिना,bulan,Xahar,måned,maand,ਮਹੀਨਾ,miesiąc,میاشت,mês,lună,месяц,mesiac,mesec,muaj,månad,mwezi,மாதம்,నెల.,เดือน,buwan,ay,ай,місяць,مہینہ,oy,tháng,inyanga,月,inyanga
brother,broer,شقيق,qardaş,брат,брат,germà,bratr,mrawd,bror,Bruder,αδελφός,Frato,hermano,vend,neba,برادر,veli,frère,Brother.,ભાઈ,אָח,भाई,brat,fiú testvér,եղբայր,saudara laki-laki,bróður,fratello,兄弟,ძმა,іні,ಸೋದರ,형제,бир тууган,brolis,brālis,tuakana,брат,ах,भाऊ,abang,aħwa,bror,broer,ਭਰਾ,brat,ورور,irmão,frate,родной брат,brat,Brat,vëlla,bror,Ndugu,சகோதரன்,సోదరుడు,พี่ชาย,kapatid na lalaki,Erkek kardeş,абый,брат,بھائی,aka,Anh trai,ubhuti,兄弟,umfowenu
let,verhuur,يترك,buraxmaq,дазваляць,позволявам,deixar,nechat,gadawent,lade,Lassen,αφήνω,lasu,dejar,lasta,utzi,اجازه دهید,päästää,laisser,let.,ભાવિ,תן,होने देना,pustiti,enged,թույլ տալ,membiarkan,Látum,permettere,させて,გაშვება,рұқсат ету,ಅವಕಾಶ,허락하다,болсун,leisti,ļaut,tuku,Нека,зөвшөөрөх,लिहा,beritahu,Let.,la,laat,ਕਰੀਏ,pozwalać,پرېږده,deixei,lăsa,позволять,nechať,pustiti,lë,låta,Hebu,விடு,వీలు,อนุญาต,Hayaan,İzin Vermek,рөхсәт ит,дозволяти,چلو,ijozat bering,cho phép,vumela,让,vumela
because,omdat,لأن,çünki,бо,заради,perquè,protože,oherwydd,fordi,weil,επειδή,Ĉar,porque,Sest,zeren ... bait,زیرا,koska,car,Por mor,કારણ કે,כי,चूंकि,jer,mivel,որովհետեւ,karena,vegna þess að,perché,なぜなら,იმიტომ რომ,сондықтан,ಏಕೆಂದರೆ,왜냐하면,анткени,Nes,jo,nō te mea,затоа што,тул,कारण,kerana.,Minħabba,fordi,omdat,ਕਿਉਂਕਿ,bo,ځکه,Porque,deoarece,так как,pretože,Ker,sepse,eftersom,Kwa sababu,ஏனெனில்,ఎందుకంటే,เพราะ,dahil,Çünkü,чөнки,тому що,کیونکہ,chunki,bởi vì,kuba,因为,ngokuba
to put,om te sit,لوضع,qoymaq,паставіць,да се постави,posar,dát,i rhoi,at sætte,stellen,να βαλω,meti,poner,panema,jarri,گذاشتن,laittaa,mettre,poñer,મૂકવો,לשים,रखना,staviti,rakni,դնել,untuk menempatkan,að setja,mettere,置く,დადება,қою,ಹಾಕಲು,놓다,коюу,padėti,ielikt,kia tuu,да стави,тавих,ठेवणे,untuk letak,tpoggi,å legge,om te zetten,ਪਾਉਣ ਲਈ,położyć,اړول,colocar,a pune,положить,položiť,položiti,te vendosesh,att lägga,kuweka,வைக்க வேண்டும்,ఉంచాలి,ที่จะนำ,upang ilagay,koymak,куярга,класти,ڈالنے کے لئے,qo'ymoq,để đặt,ukubeka,放在,ukubeka
no,geen,رقم,yox,не,не,no,Ne,na,ingen,Nein,όχι,ne,No,mitte,ez-,نه,ei,non,Non,ના,לא,नहीं,Ne,nem,ոչ,tidak,Nei,no,いいえ,არა,жоқ,ಇಲ್ಲ,아니요,жок,ne.,Nē,kāo,Не,-гүй / -битгий,नाही,Tidak,Le,Nei,Nee,ਨਹੀਂ,nie,نه,não,Nu,нет,nie,ne,jo,Nej,Hapana,இல்லை,లేదు,ไม่,hindi,Hayır,юк,немає,نہیں,yo'q,không,hayi,不,-nokuba
leash,leiband,رباط,sızmaq,ланцужок,каишка,corretja,řemínek,lesig,snor,Leine,λουρί,leash,Correa,rihm,ale,کمربند,hihna,laisse,Leash.,છૂટાછવાયા કરવી,רצועה,पट्टा,uzica,póráz,շարան,leash.,taumur,guinzaglio,ひも,leash,қиыршық,ಬಾರು,속박,Т,Leash.,pavadas,hinuhinu,поводник,leash,लीश,tali,Leash.,bånd,leiband,ਜਾਲ,smycz,لانش,coleira,Leash.,поводка,leash,povodec,zinxhir,koppel,leash.,தோல்வி,leash.,สายจูง,Leash.,tasma,leash,повідка,لیش,po'stloq,dây xích,ukuvuza,皮带,shiya
them,hulle,معهم,onlara,іх,тях,los,jim,nhw,dem,Ihnen,τους,ilin,ellos,neid,haiek,آنها,niitä,eux,eles,તેમને,אוֹתָם,उन्हें,ih,őket,նրանց,mereka,þau,loro,彼ら,მათ,оларға,ಅವರು,그들을,аларды,juos,viņus,rāua,нив,тэд нар,त्यांना,mereka,them,dem,hen,ਉਹ,ich,دوی,eles,lor,их,ich,njim,ato,dem,wao,அவர்களுக்கு,వాటిని,พวกเขา,sila,onlara,алар,їх,انہیں,ularni,họ,zona,他们,zona
city,Stad,مدينة,şəhər,горад,град,ciutat,město,dinasoedd,City.,Stadt,πόλη,Urbo,ciudad,linn,hiri,شهر,kaupunki,ville,Cidade,શહેર,עִיר,शहर,Grad,város,քաղաք,kota,borg,città,市,ქალაქი,қала,ನಗರ,도시,шаар,miestas,pilsēta,tāone nui,Град,хот,शहर,bandar raya,Belt,by,stad,ਸ਼ਹਿਰ,Miasto,ښار,cidade,oraș,город,mesto,mesto,qytet,stad,Mji,நகரம்,నగరం,เมือง,lungsod,Kent,шәһәр,місто,شہر,shahar,thành phố,isixeko,城市,idolobha
each,elke,كل,hər,кожны,всеки,tots,každý,phob un,hver,jeder,καθε,ĉiu,cada,iga,bakoitz,هر یک,kukin,chaque,cada un,દરેક,כל אחד,प्रत्येक,svaki,minden egyes,յուրաքանչյուրը,setiap,hvert,ogni,各,ყოველი,әркім,ಪ್ರತಿಯೊಂದೂ,각,ар бири,kiekvienas,katrs,ia,Секој,тутам,प्रत्येक,masing-masing,kull wieħed,Hver,elk,ਹਰ,każdy,هر یو,cada,fiecare,каждый,každý,vsak,secili,varje,Kila mmoja,ஒவ்வொரு,ప్రతి ఒక్కరూ,แต่ละ,bawat isa,her biri,һәрберсе,кожний,ہر ایک,har biri,mỗi,nganye,每个,sisinye
speak,praat,تحدث,danışmaq,гаварыць,говоря,parlar,mluvit,hyngan,tale,sprechen,μιλώ,paroli,hablar,rääkima,mintzatu,صحبت,puhua,parlez,Speak.,બોલવું,לְדַבֵּר,बोलना,govoriti,beszél,խոսել,berbicara,tala,parlare,話す,ლაპარაკი,сөйлеу,ಮಾತನಾಡು,말하다,сүйлөө,kalbėti,runāt,kōrero,Зборувај,ярих,बोलू,bercakap,Speak.,snakke,spreken,ਬੋਲੋ,mówić,خبرې کوې,falar,vorbi,разговаривать,hovoriť,govoriti,flas,tala,Sema,பேசு,మాట్లాడు,พูด,Magsalita,konuşmak,сөйләш,розмовляти,بولا,gapirmoq,nói,thetha,说话,khuluma
come,kom,يأتي,gəlmək,прыходзіць,идвам,venir,Přijít,dod,komme,Kommen Sie,Έλα,venu,venir,tulla,etorri,بیا,tulla,viens,vén,આવો,תבואו,आइए,dođi,jön,գալ,datang,koma,venire,来て,მოსვლა,келу,ಕಮ್,오다,кел,ateiti,atnākt,haere,Дојди,ирэх,ये,datang,come.,komme,komen,ਆਉਣਾ,chodź,راځه,venha,Veniți,приходить,prísť,pridi,vij,komma,kuja,வா,రండి,มา,dumating,Gelmek,кил,приходити,آو,keling,đến,yiza,来,woza
should,behoort,يجب,lazım olsa,павінен,Трябва,hauria de,by měl,dylai,bør,sollen,πρέπει,devus,deberían,peaks,behar luke,باید,pitäisi,devrait,debería,હોવું જોઈએ,צריך,चाहिए,trebala bi,kellene,պետք է,Sebaiknya,ætti,Dovrebbe,したほうがいい,უნდა,қажет,ಬೇಕು,~해야한다,керек,turėtų,vajadzētu,me,треба,хэлэх,पाहिजे,sepatutnya,Should.,bør,zou moeten,ਚਾਹੀਦਾ ਹੈ,powinnam,باید,deve,ar trebui să,должен,by mal,naj,duhet,skall,Lazima,வேண்டும்,తప్పనిసరిగా,ควร,dapat,meli,тиеш,малювати,کیا ہونا چاہئے,kerak,Nên,kufuneka,应该,uma
baby,baba,طفل,körpə,немаўля,Бебе,nadó,dítě,fabi,baby.,Baby,μωρό,bebo,bebé,laps,umea,عزیزم,vauva,de bébé,Baby.,બાળક,תִינוֹק,शिशु,dijete,baba,երեխա,bayi,elskan,bambino,赤ちゃん,ბავშვი,нәресте,ಮಗು,아기,наристе,kūdikis,bērns,pēpi,бебе,нялх хүүхэд,बाळ,bayi,Baby.,baby,baby,ਬੇਬੀ,niemowlę,ماشومه,bebê,bebelus,младенец,baby,baby.,foshnje,bebis,mtoto,குழந்தை,శిశువు,ที่รัก,sanggol,bebek,балам,дитина,بچه,chaqaloq,đứa bé,umntwana,婴儿,ingane
long time,lang tyd,منذ وقت طويل,uzun müddət,доўгі час,дълго време,llarg temps,dlouho,amser hir,lang tid,lange Zeit,πολύς καιρός,longa tempo,largo tiempo,kaua aega,Denbora luze,مدت زمان طولانی,pitkä aika,longue durée,Moito tempo,"ઘણા સમયથી, લાંબા સમયથી",הרבה זמן,लंबे समय तक,Dugo vrijeme,hosszú idő,երկար ժամանակ,lama,langur tími,a lungo,長い時間,დიდი დრო,ұзақ уақыт,ದೀರ್ಘಕಾಲ,장기,узак убакыт,ilgas laikas,ilgu laiku,Te wa roa,долго време,урт цаг,जास्त वेळ,lama masa,żmien twil,lang tid,lange tijd,ਲੰਬਾ ਸਮਾ,długi czas,اوږده موده,muito tempo,perioadă lungă de timp,много времени,dlho,dolgo časa,kohe e gjate,länge sedan,muda mrefu,நீண்ட நேரம்,దీర్ఘకాలం,เวลานาน,matagal na panahon,uzun zaman,Озак,довгий час,طویل وقت,uzoq vaqt,thời gian dài,ixesha elide,很久,isikhathi eside
hours,ure,ساعات,sair,гадзін,часа,hores,hodiny,oriau,timer,Std,ώρες,horoj,horas,tunde,ordire ordu,ساعت ها,tunteja,les heures,Horas,કલાક,שעה (ות,घंटे,sati,órák,ժամեր,jam,klukkustundir,ore,時間,საათი,сағат,ಗಂಟೆಗಳು,시간,саат,valandos,stundas,Haora haora,часови,цаг,तास,Jam,sigħat,timer,uren,ਘੰਟੇ,godziny,ساعتونه,horas,Ores.,часы,hodina,ure,orë,himmar,Masaa.,மணி நேரம்,గంటలు,ชั่วโมง,oras,saatler,сәгатьләр,годинник,گھنٹے,soat,giờ,iiyure,小时,amahora
will,testament,إرادة,iradə,жаданне,ще,voluntat,vůle,ewyllysiodd,vilje,Wille,θα,volo,será,tahe,nahimen,اراده,tahtoa,sera,Will,ઇચ્છા,רָצוֹן,मर्जी,htjeti,akarat,կուտակել,akan,Will.,volere,意思,სურვილი,өсиет,ವಿಲ್,~ 할 것이다,болот,Valia,gribas,ngākau,волја,дур хүсэл,होईल,akan,Will.,vil,zullen,ਕਰੇਗਾ,Wola,به,vai,voi,будет,čím,volja,do,kommer,mapenzi,விருப்பம்,విల్,จะ,Will,niyet,булачак,воля,کیا,iroda,sẽ,iya,将要,isifiso
while,terwyl,في حين,isə,пакуль,докато,mentre,zatímco,tra,mens,während,ενώ,dum,mientras,samas,une,در حالی که,sillä aikaa,tandis que,while.,જ્યારે,בזמן,जबकि,dok,míg,մինչդեռ,ketika,á meðan,mentre,その間,პერიოდი,сол екі арада,ಹಾಗೆಯೇ,동안,ал эми,Nors. \ T,kamēr,inā,додека,хооронд,करताना,sementara,WICT.,samtidig som,terwijl,ਜਦਕਿ,dopóki,پداسې حال کې چې,enquanto,in timp ce,пока,zatiaľ čo,medtem,derisa,medan,wakati,போது,అయితే,ในขณะที่,habang,sırasında,шул вакытта,поки,جبکہ,vaqt,trong khi,ngelixa,尽管,lapho
meet again,weer ontmoet,التقي مرة أخرى,yenidən görüşmək,зноў сустрэцца,се срещат отново,es reuneix de nou,potkat se znovu,cyfarfod eto,mødes igen,Wiedersehen,ξανασυναντώ,Renkontu denove,reunirse de nuevo,kohtume jälle,berriro elkartu,دیدار مجدد,tavata uudelleen,revoir,Reúnese de novo,ફરી મળીએ,נפגש שוב,फिर मिलेंगे,ponovno se sastaju,újra találkozni,կրկին հանդիպել,bertemu lagi,hittast aftur,rincontrarsi,また会いました,კვლავ შეხვდებით,қайтадан кездесіңіз,ಮತ್ತೆ ಭೇಟಿ,다시 만나다,кайрадан жолугуу,Susitikite dar kartą,atkal satikties,tutaki ano,повторна средба,дахин дахин үзнэ үү,पुन्हा भेटा,jumpa lagi,Iltaqa 'mill-ġdid,møtes igjen,weer ontmoeten,ਦੁਬਾਰਾ ਮਿਲੋ,spotkają się ponownie,بیا سره ووتل,encontrar de novo,a intalni din nou,Встретимся снова,opäť sa stretnúť,ponovno srečanje,takohemi sërish,mötas igen,kukutana tena,மீண்டும் சந்திக்கவும்,మళ్ళీ కలిసే,พบกันอีกครั้ง,magkitang muli,yeniden buluşmak,кабат очраш,зустрінемось знову,دوبارہ ملیں,yana uchrashing,gặp lại,dibana kwakhona,再次见面,hlangana futhi
any,enige,أي,hər hansı,нейкі,. \ t,cap,žádný,unrhyw un,nogen,beliebig,όποιος,Ajna,ningún,mis tahes,baten bat,هر چیزی,minkä tahansa,quelconque,calquera,કોઈ પણ,כל,कोई,sve,Bármi,ոչ մի,setiap,Einhver,qualunque,どれか,რომელიმე,іркім,ಯಾವುದಾದರು,어느,ар кандай,Bet koks,jebkurš,tētahi,било кој,аль ч,काहीही,mana-mana,Kwalunkwe,noen,ieder,ਕੋਈ ਵੀ,każdy,هر یو,qualquer,orice,любой,akýkoľvek,kaj,çdo,några,Yoyote,எது,ఏదైనా,ใด ๆ,sinuman,herhangi,теләсә нинди,будь-який,کوئی,har qanday,bất kì,Nantoni na,任何,-ma yini
square,plein,ميدان,kvadrat,плошча,квадрат,quadrat,náměstí,sgwâr,firkant,Platz,τετράγωνο,kvadrato,cuadrado,ruut,karratu,مربع,neliö-,carré,Praza,ચોરસ,כיכר,वर्ग,kvadrat,négyzet,քառակուսի,kotak,fermetra.,quadrato,平方,კვადრატი,шаршы,ಚದರ,정사각형,чарчы,Square.,kvadrāts,marae,Плоши,дөрвөлжин,स्क्वेअर,persegi,Pjazza,torget,vierkant,ਵਰਗ,kwadrat,مربع,quadrado,pătrat,квадратный,námestie,Square.,shesh,fyrkant,mraba,சதுக்கம்,స్క్వేర్,สี่เหลี่ยม,parisukat,Meydan,квадрат,площа,مربع,kvadrat,Quảng trường,isikwere,正方形,igceke
speak,praat,تحدث,danışmaq,гаварыць,говоря,parlar,mluvit,hyngan,tale,sprechen,μιλώ,paroli,hablar,rääkima,mintzatu,صحبت,puhua,parlez,Speak.,બોલવું,לְדַבֵּר,बोलना,govoriti,beszél,խոսել,berbicara,tala,parlare,話す,ლაპარაკი,сөйлеу,ಮಾತನಾಡು,말하다,сүйлөө,kalbėti,runāt,kōrero,Зборувај,ярих,बोलू,bercakap,Speak.,snakke,spreken,ਬੋਲੋ,mówić,خبرې کوې,falar,vorbi,разговаривать,hovoriť,govoriti,flas,tala,Sema,பேசு,మాట్లాడు,พูด,Magsalita,konuşmak,сөйләш,розмовляти,بولا,gapirmoq,nói,thetha,说话,khuluma
understood,verstaan,فهم,başa düşdüyü,зразумелы,разбрах,entès,pochopený,nealltwriaeth,forstået.,verstanden,κατανοητός,Komprenita,comprendido,arusaadav,ulertu,فهمید,ymmärsi,compris,comprendido,સમજી શકાય તેવું,מובן,समझा,razumjeti,megértett,հասկանալի,dipahami,skilið,inteso,了解した,მიხვდა,түсінді,ಅರ್ಥೈಸಲಾಗಿದೆ,이해했다,түшүнүктүү,Supratau,saprotams,i mohio,разбран,ойлгосон,समजले,faham,mifhum,forstått,begrepen,ਸਮਝਿਆ,zrozumiany,پوهیدل,Entendido,înțeles,понял,pochopiť,razumel,i kuptuar,förstått,kuelewa,புரிந்துகொள்ளுங்கள்,అర్థం చేసుకోలేదు,เข้าใจ,naiintindihan,anlaşıldı,аңлады,зрозумілий,سمجھا,tushunarsiz,hiểu,iqonde,理解,-silele
knew,geweet,عرف,bilən,вед ведаў,Знаех,definia,věděl,hadnabu'n,vidste,wusste,γνώριζα,sciis,supo,teadma,jati,می دانند,tiesi,a connu,sabía,જાણવું,ידע,जानता था,znao,tudta,գիտեր,tahu,vissi.,sapevo,知り合わせる,იცოდა,қайнату,ಅರಿವು,알았다,билген,žinojau,zināja,i matau,Знаеше,тохиролцох,माहित आहे,tahu,kien jaf,visste det,wist,ਪਤਾ ਸੀ,wiedział,پوهیدل,sabia,S-au cunoscut,знал,vedel,vedel,e dinte,visste,alijua,அறிந்தேன்,తెలుసు,รู้,alam,tanımak,белә иде,знав,جانتا تھا,biladigan,biết,ndazi,kn,babazazile
were,was,كانوا,var idi,быў,бяха,hi havia,byl,oedd,var,war,ήταν,estis,fueron,olid,zeuden ziren,بود,olivat,étaient,foron,હતા,היו,थे,bili,voltak,էին,adalah,voru,erano,そうだった,იყო,себпеік,ಇದ್ದರು,~이었다,болгон,buvo,bija,i,беа,байсан,होते,adalah,kienu,var.,waren,ਸਨ,byli,ول,estavam,au fost,мы,boli,bilo,ishin,var,walikuwa,இருந்தன,ఉన్నాయి,คือ,ay,idi,булган,були,تھے,edi,đã,babekhona,是,bekwakhona
Warning,Waarskuwing,تحذير,Xəbərdarlıq,Папярэджанне,Внимание,Advertència,Varování,Rhybudd,Advarsel,Warnung,Προειδοποίηση,Averto,Advertencia,Hoiatus,Gaztigu,هشدار,Varoitus,Avertissement,Aviso,ચેતવણી,אַזהָרָה,चेतावनी,Upozorenje,Figyelem,Նախազգուշացում,Peringatan,Viðvörun,Avvertimento,警告,გაფრთხილება,Ескерту,ಎಚ್ಚರಿಕೆ,경고,Эскертүү,ĮSPĖJIMAS,Brīdinājums,Kupu tūpato,ПРЕДУПРЕДУВАЊЕ,Анхааруулга,चेतावणी,Amaran,Twissija,Advarsel,Waarschuwing,ਚੇਤਾਵਨੀ,Ostrzeżenie,خبرتیا,Aviso,Avertizare,Предупреждение,Pozor,Opozorilo,Paralajmërim,Varning,Onyo.,எச்சரிக்கை,హెచ్చరిక,คำเตือน,Babala,Uyarı,Кисәтү,Увага,انتباہ,Ogohlantirish,Cảnh báo,Isilumkiso,警告,Isiyalo
here is,hier is,هنا,Budur,тут,Ето го,aquí està,tady je,Dyma,her er,hier ist,εδώ είναι,Jen,aquí está,siin on,Hemen da,در اینجا این است,täällä on,Voici,aquí está,અહીં છે,הנה,यहाँ है,ovdje je,itt van,Ահա,disini adalah,hér er,qui è,ここは,აქ არის,мұнда,ಇಲ್ಲಿದೆ,여기에 있습니다,Мына,čia yra,šeit ir,Anei,овде е,энд байна,येथे आहे,di sini,hawn hu,her er,hier is,ਇਹ ਹੈ,tutaj jest,دلته دی,aqui está,aici este,Вот,tu je,tukaj je,ketu eshte,här är,Hapa ni,இங்கே உள்ளது,ఇక్కడ,ที่นี่คือ,Narito,burada,монда,ось,یہاں ہے,shu yerda,đây là,Nantsi,这是,nansi
could,kan,يستطع,ala-seyrək,мог,бих могъл,podia,mohl,a allai,kunne,könnten,θα μπορούσε,povus,pudo,võiks,jokalari gabe,میتوانست,voisi,pouvait,podería,શકવું,הָיָה יָכוֹל,सकता है,mogli,tudott,կարող էր,bisa,Gat,Potevo,できる,რამეთ,шамасы келу,ಸಾಧ್ಯವೋ,~ 할 수 있었다,алмак,galėjo,varēja,i taea,Може,чадах,शक्य आहे,boleh,jista ',kunne,zou kunnen,ਕਰ ਸਕਦਾ ਸੀ,mógłby,کولای شي,poderia,ar putea,мог,bystrý,lahko,mund,skulle kunna,inaweza,முடியும்,కాలేదు,สามารถ,maaari,abilir,мөмкин,могло,کر سکتے تھے,mumkin,có thể,ingaba,可以,-noku
case,kis,قضية,xasiyyət,справа,дело,Caixa,případ,achos,sag,Fall,υπόθεση,Kazo,caso,juhtum,kutxatila,مورد,kotelo,Cas,Caso,કેસ,מקרה,मामला,slučaj,ügy,գործ,kasus,Málið,Astuccio,場合,საქმე,чемодан,ಪ್ರಕರಣ,사례,иш,CASE.,lieta,kēhi,Случај,хэрэг,केस,Kes,Każ,sak,geval,ਕੇਸ,Obudowa,قضیه,caso,caz,кейс,puzdro,Ovitek,rast,fall,kesi,வழக்கு,కేసు,กรณี,Kaso,dava,очрак,випадок,معاملہ,ish,trường hợp,ityala,案件,icala
give,gee,يعطى,vermək,даваць,давам,donar,dát,rho,give,Gib mal,δίνω,donu,dar,andma,eman,دادن,antaa,donner,dar,આપવું,לָתֵת,देना,dati,adni,տալ,memberi,gefa,dare,与える,მიცემა,беру,ಕೊಡು,주다,берүү,Duok,dot,hoatu,Дај,өгөх,द्या,memberi,Agħti,gi,geven,ਦਿਓ,dawać,ورکول,dar,da,давать,dať,da,jap,ge,kutoa,கொடு,ఇవ్వండి,ให้,bigyan,vermek,бир,давати,دے دو,bermoq,cho,nika,给,khangeza
type,tipe,نوع,tip,друкаваць,Тип,escriure a màquina,typ,teipiwch,type,Typ,τύπος,tajpu,escribe,tüüp,tipo,نوع,tyyppi,taper,Tipo.,પ્રકાર,סוּג,प्रकार,tip,típus,տիպ,Tipe,tegund,genere,タイプ,ბეჭდვა,басу,ಮಾದರಿ,유형,түрү,Tipas. \ T,veids,tuhinga,Тип,маяг,प्रकार,type.,Tip,type,type,ਕਿਸਮ,rodzaj,ډول,modelo,tip,тип,typ,Tip.,tip,typ,Andika,வகை,రకం,พิมพ์,type.,tip,тип,тип,قسم,tur,loại,uhlobo,类型,ukuthayipha
their,hulle,هم,özləri,іх,техен,seva,jejich,eu,deres,ihr,δικα τους,ilia,su,nende,beraien,خودشان,heidän,leur,o seu,તેમના,שֶׁלָהֶם,उनका,njihov,a sajátjukat,նրանց,milik mereka,þeirra,i loro,彼らの,მათი,олардікі,ಅವರ,그들의,алардын,Jų,viņu,ā rātau,нивно,тэдний,त्यांचे,mereka,tagħhom,deres,hun,ਉਨ੍ਹਾਂ ਦਾ,ich,د هغوی,seus,al lor,их,ich,Njihov,e tyre,deras,wao,அவர்களது,వారి,ของพวกเขา,kanilang,onların,Алар,їх,ان کا,ularning,của chúng,babo,他们的,-abo
given,gegonder,معطى,verilmiş,улічваючы,даден,donat,dávka,rhodd,givet,gegeben,δεδομένος,donita,dado,antud,emana,داده شده,annettu,donné,Dado,આપેલ,נָתוּן,दिया गया,dano,adott,տրված,diberikan,gefið,dato,与えた,მოცემული,берілген,ನೀಡಿದ,주어진,берилген,Atsižvelgiant,dots,hoatu,Дадено,өгсөн,दिलेला,diberikan,mogħtija,gitt.,gegeven,ਦਿੱਤਾ ਗਿਆ,dany,ورکړل شوی,dado,dat,данный,daný,Glede na to,i dhënë,given,Kutolewa,கொடுக்கப்பட்ட,ఇచ్చిన,ที่ให้ไว้,ibinigay,verilen,бирелгән,даний,دیا گیا,berilgan,được,inikiwe,给予,-Sebenza
train,afrig,يدرب,qatarlanmaq,цягнік,влак,tren,vlak,thrên,tog,Zug,τρένο,Trajno,tren,rong,trebatu,قطار - تعلیم دادن,kouluttaa,former,tren.,ટ્રેન,רכבת,रेल गाडी,vlak,vonat,գնացք,kereta,Þjálfa,treno,列車,მატარებელი,пойыз,ರೈಲು,기차,поезд,traukinys,vilciens,tereina,Обука,галт тэрэг,ट्रेन,melatih,Train,tog,trein,ਟ੍ਰੇਨ,pociąg,روزنه,Comboio,tren,тренироваться,vlak,vlak,tren,tåg,Treni,தொடர்வண்டி,రైలు,รถไฟ,tren.,tren,поезд,потяг,ٹرین,poezd,xe lửa,uloliwe,火车,qeqesha
body,liggaam,الجسم,bədən,цела,тяло,cos,tělo,gorff,legeme,Karosserie,σώμα,Korpo,cuerpo,kere,gorputz,بدن,runko,corps,Corpo,શરીર,גוּף,तन,tijelo,test,մարմին,tubuh,líkami,corpo,体,სხეული,дене,ದೇಹ,몸,орган,kūnas,korpuss,tinana,тело,биеийн,शरीर,badan,ġisem,kropp,lichaam,ਸਰੀਰ,ciało,بدن,corpo,corp,тело,telo,Body.,trup,kropp,Mwili.,உடல்,శరీరం,ร่างกาย,katawan,gövde,тән,тіло,جسم,tana,phần thân,umzimba,身体,umzimba
place,plaas,مكان,yer,месца,място,col·locar,místo,rho,placere,Ort,θέση,Loko,lugar,koht,leku,محل,paikka,lieu,lugar,સ્થળ,מקום,जगह,mjesto,hely,տեղ,tempat,staður,luogo,場所,ადგილი,орын,ಸ್ಥಳ,장소,жер,vieta. \ T,vieta,tāpae,Место,байрлуулах,जागा,tempat,Poġġi,sted,plaats,ਜਗ੍ਹਾ,miejsce,ځای کيدل,"Lugar, colocar",loc,место,miesto,Kraj,vend,plats,mahali,இடம்,స్థలం,สถานที่,lugar,yer,урын,місце,جگہ,joy,địa điểm,indawo,地方,beka
eyes,oë,عيون,gözlər,вочкі,Очи,ulls,očima,lygaid,øjne,Augen,μάτια,okuloj,ojos,silmad,begiak,چشم ها,silmät,les yeux,Eyes.,આંખો,עיניים,आंखें,oči,szemek,աչք,mata,augu,occhi,目,თვალები,көздер,ಕಣ್ಣು,눈,көз,akys,acis,kanohi,очите,нүднүүд,डोळे,mata,għajnejn,øyne,ogen,ਅੱਖਾਂ,oczy,سترګې,olhos,ochi,глаза,oči,oči,sytë,ögon,macho,கண்கள்,కళ్ళు,ดวงตา,mata,gözler,күзләр,очей,آنکھیں,ko'zlar,mắt,Amehlo,eyes,isizukulwane
way,pad,طريق,yol,шлях,начин,camí,cesta,ngweithred,vej,Weg,τρόπος,Vojo,camino,tee,bide,مسیر,tapa,chemin,Way.,માર્ગ,דֶרֶך,मार्ग,put,út,ճանապարհ,jalan,vegur,modo,仕方,გზა,тәсіл,ದಾರಿ,방법,жол,būdas,veids,arā,начин,арга зам,मार्ग,cara,Way,vei,manier,ਤਰੀਕਾ,sposób,لاره,caminho,cale,способ,cesta,pot,rrugë,sätt,Way.,வழி,మార్గం,ทาง,paraan,yol,юл,спосіб,راستہ,yo'l,đường,indlela,大大地,indlela
listen,luister,يستمع,dinləmək,слухаць,слушам,escoltar,poslouchat,wrandawiff,Lyt,Hör mal zu,ακούω,Aŭskultu,escucha,kuulama,entzun,گوش کن,kuunnella,Ecoutez,Escoitar,સાંભળવું,להקשיב,सुनना,slušati,hallgat,լսել,mendengarkan,hlusta,Ascoltare,聞く,მოსმენა,тыңдау,ಕೇಳು,듣다,Ук,Klausykitės,klausīties,whakarongo,Слушајте,сонс,ऐका,mendengar,Isma ',lytte,luister,ਸੁਣੋ,słuchać,واوره,ouço,asculta,Слушать,počúvať,poslušaj,dëgjoj,lyssna,Sikiliza,கேளுங்கள்,వినండి,ฟัง,makinig,dinlemek,тыңла,слухати,بات چیت,tinglamoq,nghe,mamela,听,beka indlebe
whose,van wie,ملك من,kiminsə,чый,чийто,de qui,jehož,pwy,hvis,deren,του οποίου,Kies,cuyo,kelle,Zeinen,چه کسی,jonka,à qui,Cuxo,કોનું,של מי,किसका,čiji,akinek,ում,yang,hvers,"il cui, di chi",だれの,ვისი,кімдікі,ಯಾರ,그 사람,анын,Kuris. \ T,kura,nāa wai,чиј,хэний,कोणाचे,siapa,li,hvem sin,van wie,ਜਿਸਦੀ,którego,دوان,cujo,a caror,чей,ktorého,čigar,të cilit,vars,ambaye,யாருடைய,ఎవరి,ของใคร,Kaninong,kimin,Кем,чий,جس کی,kimning,ai,nobani,谁的,-kabani
find,vind,تجد,tapmaq,знаходзіць,намирам,trobar,nalézt,ddarganfyddan,finde,finden,εύρημα,trovu,encontrar,leidma,aurkitu,پیدا کردن,löytö,trouver,Find,શોધો,למצוא,पाना,pronaći,megtalálja,գտնել,Temukan,Finna,trovare,探す,პოვნა,табу,ತಿಳಿಸು,찾기,табуу,Rasti.,atrast,kite,најдете,илрүүлэх,शोधणे,cari,Sib,finne,vinden,ਲੱਭੋ,znajdować,ومومئ,achar,găsi,найти,Nájsť,najti,Gjej,hitta,Tafuta,கண்டுபிடிக்க,కనుగొను,หา,hanapin,bulmak,табу,знаходження,مل,topmoq,tìm thấy,fumana,寻找,fumana
first,eerste,أول,birinci,першы,Първо,primer,za prvé,yn gyntaf,først,Erste,πρώτα,Unue,primero,esimene,lehenengo,اولین,ensimmäinen,première,primeira,પ્રથમ,ראשון,प्रथम,prvi,első,առաջին,pertama,fyrsta,primo,初め,პირველი,бірінші,ಪ್ರಥಮ,첫 번째,алгачкы,Pirmas,pirmais,tuatahi,Прво,хамгийн түрүүнд,पहिला,pertama,Firsta,først,eerst,ਪਹਿਲਾਂ,pierwszy,لومړی,primeiro,primul,первый,najprv,najprej,së pari,först,Kwanza,முதல்,ప్రధమ,แรก,una,ilk,беренче,перший,پہلا,avval,đầu tiên,Ekuqaleni,第一的,-yinhloko
lost,verlore,ضائع,məğlubedici,згублены,изгубен,perduda,ztracený,golled,faret vild,verloren,χαμένος,perdita,perdió,kadunud,galdua,کم شده,kadonnut,perdu,Lost.,લોસ્ટ,אָבֵד,खोया हुआ,izgubljen,elveszett,կորած,hilang,tapast,perduto,失った,დაკარგული,жоғалған,ಲಾಸ್ಟ್,잃어버린,жоголгон,prarastas,zaudēts,kua ngaro,изгубени,алдсан,गमावले,hilang,Mitluf,tapt,kwijt,ਗੁੰਮ ਗਿਆ,Stracony,ورک شوی,perdido,pierdut,потерял,stratený,izgubljen,i humbur,förlorat,potea,இழந்தது,కోల్పోయిన,สูญหาย,nawala,kayıp,югалды,загублений,کھو دیا,yo'qolgan,mất đi,ilahlekile,丢失,-swelekile
hand,hand,كف,əl,рука,ръка,mà,ruka,llaw,hånd,Hand,χέρι,mano,mano,käsi,esku,دست,käsi,main,man.,હાથ,יד,हाथ,ruka,kéz,ձեռագիր,tangan,hönd,mano,手,ხელი,қол,ಕೈ,손,кол,Rankų. \ T,roka,ringa,рака,гар,हात,tangan,idejn,hånd,hand,ਹੱਥ,ręka,لاس,mão,mână,рука,ruka,roka,dorëzoj,hand,mkono,கை,చెయ్యి,มือ,kamay,el,кул,ручний,ہاتھ,qo'llamoq,tay,isandla,手,isandla
first,eerste,أول,birinci,першы,Първо,primer,za prvé,yn gyntaf,først,Erste,πρώτα,Unue,primero,esimene,lehenengo,اولین,ensimmäinen,première,primeira,પ્રથમ,ראשון,प्रथम,prvi,első,առաջին,pertama,fyrsta,primo,初め,პირველი,бірінші,ಪ್ರಥಮ,첫 번째,алгачкы,Pirmas,pirmais,tuatahi,Прво,хамгийн түрүүнд,पहिला,pertama,Firsta,først,eerst,ਪਹਿਲਾਂ,pierwszy,لومړی,primeiro,primul,первый,najprv,najprej,së pari,först,Kwanza,முதல்,ప్రధమ,แรก,una,ilk,беренче,перший,پہلا,avval,đầu tiên,Ekuqaleni,第一的,-yinhloko
side,sy,الجانب,yan,бок,страничен,costa,boční,ochr,side,Seite,πλευρά,Flanko,lado,pool,alde,سمت,puoli,côté,lado,બાજુ,צַד,पक्ष,strana,oldal,կող,samping,hlið,lato,側,გვერდი,жақ,ಬದಿ,옆,жагы,pusė. \ T,puse,taha,страна,тал,बाजू,sebelah,Side.,side,kant,ਪਾਸੇ,bok,اړخ,lateral,latură,боковая сторона,bok,Stran,anë,sida,upande,பக்க,వైపు,ด้านข้าง,gilid,taraf,ягы,сторона,طرف,tomon,cạnh,icala,边,usebe
power,mag,قوة,güc,моц,власт,força,Napájení,pŵer,strøm,Energie,εξουσία,Potenco,energía,võimsus,botere,قدرت,voima,Puissance,Poder,શક્તિ,כּוֹחַ,शक्ति,vlast,erő,ուժ,kekuatan,máttur,potenza,パワー,ძალა,күш,ಅಧಿಕಾರ,힘,күч,galia,jauda,kaha,Моќност,хүч чадал,शक्ती,kuasa,Power.,makt,stroom,ਤਾਕਤ,moc,ځواک,potência,putere,сила,moc,Power.,fuqi,kraft,Nguvu.,பவர்,శక్తి,พลัง,kapangyarihan,güç,көч,потужність,پاور,kuch,sức mạnh,amandla,力量,ubuqhwaga
old,ou,عمر او قديم,köhnə,стары,стар,vell,starý,hen,gammel,alt,παλαιός,malnova,viejo,vana,zahar,قدیمی,vanha,vieille,Old.,જૂનું,ישן,पुराना,star,régi,հին,tua,gamall,vecchio,年,მოხუცი,ескі,ಹಳೆಯ,낡은,Эски,senas,vecs,tawhito,стар,хөгшин,जुन्या,tua,Qadim,gammel,oud,ਪੁਰਾਣਾ,stary,زوړ,velho,vechi,Старый,starý,star,i vjetruar,gammal,Old.,பழைய,పాతది,เก่า,lumang.,eskimiş,карт,старий,پرانا,eski,cũ,mdala,老的,-dala
be,wees,يكون,olmaq,быць,бъда,estar,být,fydd,være,Sein,είναι,esti,ser,olema,izan,بودن,olla,être,Be.,હોવું,לִהיוֹת,होना,biti,lenni,լինել,menjadi,vera,essere,なれ,ყოფნა,болуы,ಇರು,be,бол,BE.,būt,ora,Биди,байх болох,व्हा,akan,be.,være,zijn,ਹੋ,być,اوسه,ser,fi,быть,byť,BE.,jam,vara,BE,இரு,be,เป็น,maging,olmak,бул,бути,ہو,bo'lmoq,thì là ở,yiba,是,yiba
here,hier,هنا,bura,тут,тук,aquí,tady,Yma,her,Hier,εδώ,Ĉi tie,aquí,siin,asko,اینجا,tässä,ici,aquí,અહીં,כאן,यहां,ovdje,itt,այստեղ,di sini,hér,qui,ここ,აქ,Мұнда,ಇಲ್ಲಿ,여기,бул жерде,čia,šeit,konei,Овде,энэ,येथे,di sini,Hawnhekk,her,hier,ਇਥੇ,tutaj,دلته,aqui,Aici,здесь,tu,tukaj,këtu,här,hapa,இங்கே,ఇక్కడ,ที่นี่,dito,burada,Монда,тут,یہاں,Bu yerga,nơi đây,Apha,这里,lapha
morning,oggend,صباح,səhər,ранак,сутрин,matí,ráno,fore,morgen,Morgen,πρωί,mateno,Mañana,hommik,goiz,صبح,aamu,Matin,Mañá,મોર્નિંગ,בוקר,प्रभात,jutro,reggel,առավոտ,pagi,morgunn,mattina,朝,დილა,таң,ಬೆಳಗ್ಗೆ,아침,эртең менен,Rytas,no rīta,āta,утро,өглөө,सकाळी,Pagi,Morning,morgen,ochtend,ਸਵੇਰ,rano,سهار,manhã,dimineaţă,утро,ranný,zjutraj,në mëngjes,morgon-,asubuhi,காலை,ఉదయం,เช้า,umaga,sabah,таң,ранок,صبح,ertalab,buổi sáng,ntseni,早晨,ekuseni
so much,so baie,كثيرا,bu qədər,так шмат,толкова много,Tant,tak moc,cymaint,så meget,so viel,τόσο πολύ,tiom,mucho,nii palju,asko,خیلی زیاد,niin paljon,tellement de,tanto,ઘણુ બધુ,כל כך,बहुत ज्यादा,tako puno,olyan sok,այնքան,sekali,svo mikið,tanto,そんなに,ძალიან,өте қатты,ತುಂಬಾ,너무 많이,көп,Tiek daug,tik daudz,nui rawa,многу,маш их,खुप जास्त,begitu banyak,Allura ħafna,så mye,zo veel,ਬਹੁਤ ਜ਼ਿਆਦਾ,tak wiele,ډیر زیاد,muito,atâta,так много,tak veľa,zelo,kaq shume,så mycket,Wengi,மிகவும்,చాలా,มากมาย,sobra,bu kadar,шулкадәр,Так багато,بہت زیادہ,juda ko'p,rất nhiều,kakhulu,非常,kakhulu
child,kind,طفل,övlad,дзіця,дете,nen,dítě,phlentyn,barn,Kind,παιδί,infano,niño,laps,ume,کودک,lapsi,enfant,NIÑO.,બાળક,יֶלֶד,बच्चा,dijete,gyermek,երեխա,anak,barn,bambino,子,ბავშვი,бөбек,ಮಗು,아이,бала,Vaikas. \ T,bērns,tamaiti,Детето,хүүхэд,मूल,kanak-kanak,Child.,barn,kind,ਬੱਚਾ,dziecko,ماشوم,filho,copil,ребенок,dieťaťa,otrok,fëmijë,barn,mtoto,குழந்தை,చైల్డ్,เด็ก,bata,çocuk,бала,дитина,بچہ,bola,đứa trẻ,umntwana,孩子,ingane
point,punt,هدف,fəhm,момант,точка,punt,směřovat,bwyntiau,punkt,Punkt,σημείο,punkto,punto,punkt,une,نقطه,kohta,point,Punto,બિંદુ,נְקוּדָה,बिंदु,točka,pont,կետ,titik,punktur,punto,点,პუნქტი,ұпай,ಪಾಯಿಂಟ್,가리키다,чекит,taškas,punkts,māka,Точка,цэг,पॉइंट,titik,punt,punkt,punt,ਬਿੰਦੂ,punkt,ټکی,ponto,punct,точка,bod,točka,pikë,punkt,hatua,புள்ளி,పాయింట్,จุด,punto,nokta,нокта,точка,پوائنٹ,nuqta,điểm,inqaku,观点,khomba
came,gekom,أتى,qalıcı,прыйшоў,дошла,vingut,přišel,ddaethon,kom,kam,ήρθε,venis,llegó,tuli,etorri zen,آمد,tuli,venu,veu,આવ્યા,ב בא,आया,došlo,jött,եկավ,telah datang,kom,è venuto,came,მოვიდა,келді,ಬಂದೆ,왔다,келген,atėjo,atnāca,i haere mai,Дојде,ирсэн байна,आले,datang,daħal,kom,kwam,ਆਇਆ,przyszło,راغلی,veio,a venit,пришел,prišiel,prišel,erdhi,kom,alikuja,வந்தது,వచ్చింది,มา,dumating,gelmek,килеп җитте,прийшов,آیا,keldilar,đã đến,yeza,来了,weza
after,na,بعد,ardınca,пасля,след,després de,po,ar ôl,efter,nach,μετά,Poste,después,pärast,-ren ondoren,بعد از,jälkeen,après,Despois,પછી,לאחר,बाद में,nakon,utána,հետո,setelah,eftir,dopo,後,შემდეგ,кейін,ನಂತರ,~ 후에,кийин,Po. \ T,pēc,i muri,После,дараа нь,नंतर,selepas itu,wara,etter,na,ਬਾਅਦ,po,وروسته,depois de,după,после,po,Po tem,pas,efter,Baadaye,பின்,తర్వాత,หลังจาก,pagkatapos,sonrasında,Соңыннан,після,کے بعد,keyin,sau,emva,后,kamuva
sorry,jammer,آسف,bağışlayın,шкадаванне,съжалявам,ho sento,Promiňte,flin,undskyld,Verzeihung,συγνώμη,Pardonu,lo siento,kahju,barkatu,متاسف,pahoillani,Pardon,Sentímolo,માફ કરશો,מצטער,माफ़ करना,Oprosti,sajnálom,ներողություն,maaf,því miður,scusate,ごめん,ბოდიში,кешіріңіз,ಕ್ಷಮಿಸಿ,죄송합니다,Кечириңиз,Atsiprašau,žēl,rongo,жал,уучлаарай,माफ करा,maaf,sorry,Beklager,Sorry,ਮਾਫ ਕਰਨਾ,przepraszam,بخښنه,Desculpe,Îmi pare rău,Извините,Prepáč,Oprosti,më vjen keq,förlåt,sorry.,மன்னிக்கவும்,క్షమించాలి,ขอโทษ,paumanhin,üzgünüm,гафу итегез,вибачливий,افسوس,uzr,lấy làm tiếc,uxolo,对不起,xolela
come,kom,يأتي,gəlmək,прыходзіць,идвам,venir,Přijít,dod,komme,Kommen Sie,Έλα,venu,venir,tulla,etorri,بیا,tulla,viens,vén,આવો,תבואו,आइए,dođi,jön,գալ,datang,koma,venire,来て,მოსვლა,келу,ಕಮ್,오다,кел,ateiti,atnākt,haere,Дојди,ирэх,ये,datang,come.,komme,komen,ਆਉਣਾ,chodź,راځه,venha,Veniți,приходить,prísť,pridi,vij,komma,kuja,வா,రండి,มา,dumating,Gelmek,кил,приходити,آو,keling,đến,yiza,来,woza
in front of,voor,فى مواجهة,qarşısında,наперадзе,пред,Davant de,před,o flaen,foran,vor dem,μπροστά απο,antaŭ,en frente de,ees,Aurrean,در مقابل,edessä,devant de,en fronte de,ની સામે,ממול,सामने,ispred,előtt,առջեւում,di depan,fyrir framan,di fronte a,の前に,წინ,Алдында,ಮುಂದೆ,앞에서,алдында,Priešais,priekšā,Tuhinga o mua,пред,урд талд,समोर,di hadapan,quddiem,foran,voor je,ਦੇ ਸਾਹਮਣੇ,z przodu,په وړاندې,em frente,în fața,спереди,pred,pred,në frontin e,framför,mbele ya,முன்,ముందు,ด้านหน้า,sa harap ng,önünde,каршысында,перед,کے سامنے,ni oldida,ở đằng trước,phambi kwe,在...前面,ngaphambi kwe
towards,na,قريب,doğru,да,към,cap a,vůči,tuag,hen imod,in Richtung,προς,al,hacia,suunas,jagar,به سمت,kohti,vers,cara a,તરફ,לִקרַאת,की ओर,prema,felé,դեպի,terhadap,í átt að,verso qualcosa,に向かって,მიმართ,қарай,ಕಡೆಗೆ,...쪽으로,карай,link,uz,whakamōhio,кон,наах,दिशेने,ke arah,Lejn,Mot,richting,ਵੱਲ,w stronę,په لور,em direção,către,в направлении,smerom k,proti,në drejtim të,mot,kuelekea,நோக்கி,వైపు,ต่อ,Patungo,karşı,ягына,до,کی طرف,tomonga qarab,đối với,ukuya,向,ngasekupheleni
minutes,minute,الدقائق,dəqiqəlik,хвіліны,минути,ataca,minut,nghofnodion,minutter,Protokoll,λεπτά,minutoj,minutos,protokoll,minutu,دقایق,pöytäkirja,minutes,minutos,મિનિટ,דקות,मिनट,minute,percek,րոպե,menit,mínútur,minuti,分,წუთი,минуттар,ನಿಮಿಷಗಳು,분,мүнөт,minučių. \ t,protokols,meneti,минути,хоёр хоног,मिनिटे,minit,minuti,minutter,minuten,ਮਿੰਟ,minuty,دقیقې,minutos,minute,минут,zápisnica,Zapisnik,procesverbal,minuter,dakika,நிமிடங்கள்,నిమిషాలు,นาที,minuto,dakikalar,минутлар,протоколи,منٹ,daqiqa,phút,imizuzu,分钟,imizuzu
request,versoek,طلب,istək,просьба,запитване,sol·licitar,žádost,gais,anmodning,Anfrage,αίτηση,peto,solicitud,taotlus,eskatu,درخواست,pyyntö,demande,Solicitude,વિનંતી કરવી,בַּקָשָׁה,प्रार्थना,zahtjev,kérés,խնդրել,meminta,beiðni um,richiesta,リクエスト,თხოვნა,өтініш,ಕೋರಿಕೆ,요구,сурам,Prašymas,pieprasījums,tono,Барање,гүйлт,विनंती,permintaan,Talba,be om,verzoek,ਬੇਨਤੀ,wniosek,غوښتنه,solicitar,cerere,запрос,požiadavka,prošnja,kërkesë,begäran,Ombi,வேண்டுகோள்,అభ్యర్థన,ขอ,hiling,rica etmek,сорау,запит,درخواست,talab qilmoq,yêu cầu,isicelo,要求,nxusa
placed,geplaas,وضع,yerdəkli,змешчаны,поставен,col · locat,umístěný,gosodir,placeret,platziert,τοποθετώ,metita,metido,paigutatud,jarri,قرار داده شده,sijoitettu,mis,colocado.,મૂકવામાં,מוּצָב,रखा हे,stavljen,elhelyezett,տեղադրված,ditempatkan,sett,posto,置いた,განთავსებული,орналастыру,ಇರಿಸಲಾಗುತ್ತದೆ,배치하다,жайгаштырылган,dedamas,novietot,whakanohoia,Поставен,дааз хөлс хэмжээ,ठेवले,ditempatkan,mqiegħed,plassert,geplaatst,ਰੱਖਿਆ,umieszczony,ځای پرځای شوی,colocada,plasat,размещены,umiestnený,postavljena,i vendosur,placerad,imewekwa,வைக்கப்படும்,ఉంచారు,วางไว้,inilagay.,yerleştirilmiş,урнаштырылган,поміщений,رکھی,joylashtirilgan,đặt,ibekwe,放置,-alelwa
beautiful,pragtige,جميلة,gözəl,прыгожы,красив,bonic,Krásná,hardd,smuk,schön,πανεμορφη,bela,hermosa,ilus,polit,زیبا,kaunis,beau,bonito,સુંદર,יפה,सुंदर,lijep,szép,գեղեցիկ,Cantik,falleg,Bellissima,綺麗な,ლამაზი,сұлу,ಸುಂದರ,아름다운,сулуу,graži,skaists,purotu,убава,үзэсгэлэнтэй юм,सुंदर,cantik,sabiħa,vakker,mooi,ਸੁੰਦਰ,Piękny,ښکلی,lindo,frumos,красивая,krásny,Lepo,e bukur,skön,nzuri,அழகு,అందమైన,สวย,maganda,güzel,матур,гарний,خوبصورت,chiroyli,xinh đẹp,entle,美丽的,-bukekayo
law,wet,قانون,qanunauyğunluq,закон,право,Llei,zákon,cyfraith,lov,Gesetz,νόμος,Leĝo,ley,seadus,lege,قانون,laki,loi,LAW.,કાયદો,חוֹק,कानून,zakon,törvény,օր,hukum,lög,legge,法,კანონი,заң,ಕಾನೂನು,법,мыйзам,Įstatymas. \ T,likums,ture,закон,хуулө,कायदा,undang-undang,Liġi,lov,wet,ਕਾਨੂੰਨ,prawo,قانون,lei,lege,закон,právo,Zakon,ligj,lag,sheria,விதி,చట్టం,กฎ,batas,kanun,закон,закон,قانون,qonun,pháp luật,umthetho,法律,umthetho
would like to,wil graag,هل تحب أن,istəyirəm,хацеў бы,бих искал да,M'agradaria,chtěl bys,Hoffwn,vil gerne,würde gerne,θα ήθελα να,ŝatus,gustaria,Meeldiks,nahi nuke,می خواهم,haluaisi,aimerais,gustaría,ગમશે,רוצה,करना चाहेंगे,bi htio,szeretnék,կուզենայի,ingin,langar að,vorrei,したいと思う,მინდა,алғым келеді,ಬಯಸುತ್ತೀರಿ,싶습니다,каалайт,norėtų,gribētu,Kei te hiahia,би сакал,хүсч байна,आवडेल,berminat untuk,tixtieq,ønsker å,zou graag willen,ਕਰਨਾ ਚਾਹੁੰਦੇ ਹੋ,chciałby,غواړي,gostaria de,ar dori să,хотел бы,by chcel,želi,Do me pelqente te,skulle vilja,Ungependa,விரும்புகிறேன்,కోరుకుంటున్నారో,ต้องการ,gusto mo,isterdim,теләр идем,хотів би,پسند کریں گے,istayman,muốn,Ndingathanda uku,我想,Ungathanda uku
today,vandag,اليوم,bu gün,сёння,днес,avui,dnes,Heddiw,i dag,heute,σήμερα,hodiaŭ,hoy dia,tänapäeval,gaur,امروز,tänään,aujourd'hui,hoxe,આજે,היום,आज,danas,Ma,այսօր,hari ini,í dag,oggi,今日,დღეს,бүгін,ಇಂದು,오늘,бүгүн,šiandien,šodienas,tēnei rā,Денес,оноо,आज,hari ini,Illum,i dag,vandaag,ਅੱਜ,Dziś,نن,hoje,astăzi,сегодня,dnešok,danes,sot,i dag,Leo,இன்று,నేడు,วันนี้,ngayon,bugün,бүген,сьогодні,آج,Bugun,hôm nay,namhlanje,今天,namhlanje
cause,veroorsaak,موجه,səbəb olmaq,прычыняць,причиняването,causar,způsobit,parir,årsag,weil,αιτία,kaŭzo,porque,põhjustama,eragin,علت,syy,cause,causa,કારણ,גורם,वजह,uzrok,ok,պատճառ,menyebabkan,orsök,causa,原因,მიზეზი,себепкер болу,ಕಾಸ್,원인,себеп,priežastis,izraisīt,pūtake,Причина,учир шалтгаан,कारण,Punca,Kawża,årsaken,oorzaak,ਕਾਰਨ,przyczyna,لامل,causa,cauză,причина,príčina,vzrok,shkak,orsak,sababu,காரணம்,కారణం,สาเหตุ,sanhi,Çünkü,сәбәп,причина,وجہ,sabab,gây nên,unobangela,原因,dala
finally,ten einde laaste,أخيرا,nəhayət,на заканчэнне,накрая,finalment,Konečně,Yn olaf,langt om længe,endlich,τελικά,Fine,por fin,lõpuks,azkenik,سرانجام,lopuksi,finalement,Finalmente,છેલ્લે,סוף כל סוף,आखिरकार,konačno,végül,վերջապես,akhirnya,loksins,finalmente,ついに,საბოლოოდ,соңында,ಅಂತಿಮವಾಗಿ,마지막으로,акыры,pagaliau,beidzot,rawa,Конечно,эцэст нь,शेवटी,Akhirnya,Fl-aħħarnett,til slutt,Tenslotte,ਅੰਤ ਵਿੱਚ,wreszcie,په نهایت کې,finalmente,in cele din urma,наконец-то,nakoniec,končno,më në fund,till sist,Hatimaye,இறுதியாக,చివరగా,ในที่สุด,sa wakas,en sonunda,ниһаять,нарешті,آخر میں,nihoyat,cuối cùng,ekugqibeleni,最后,ekugcineni
hope,hoop,أمل,ümid,надзея,надявам се,esperança,naděje,gobaith,håber,hoffen,Ελπίζω,Espero,esperanza,lootus,itxaropen,امید,toivoa,espoir,esperanza,આશા,לְקַווֹת,आशा,nada,remény,հուսով եմ,harapan,von,speranza,望み,იმედი,үміт,ಭರವಸೆ,희망,үмүт,viltis,cerība,tūmanako,надеж,итгэл найдвар,आशा,Hope.,HOPE,håp,hoop,ਉਮੀਦ,nadzieja,هيله,ter esperança,speranţă,надеяться,nádej,upam,shpresë,hoppas,Matumaini,நம்பிக்கை,ఆశిస్తున్నాము,หวัง,pag-asa,umut,Өмет,надія,امید,umid qilmoq,mong,Ithemba,希望,ithemba
water,water,ماء,suvarmaq,вада,вода,regar,voda,ddyfrhau,vand,Wasser,νερό,Akvo,agua,vesi,garaztatu,اب,vesi,l'eau,Auga,પાણી,מים,पानी,voda,víz,ջրմուղ,air,vatn,acqua,水,მორწყვა,суару,ನೀರು,물,суу,Vanduo,ūdens,wai,вода,ус,पाणी,air,Ilma,vann,water,ਪਾਣੀ,woda,اوبه,agua,apă,вода,voda,voda,ujë,vatten,maji,தண்ணீர்,నీటి,น้ำ,tubig,Su,су,вода,پانی,suv,nước,amanzi,水,nisela
Wait,Wag,انتظر,Gözləmək,Чакаць,изчакайте,Esperar,Počkejte,Harhosi,Vente,Warten,Περίμενε,Atendu,Esperar,Ootama,Itxaron,صبر کن,Odota,Attendez,Espera,રાહ જોવી,לַחֲכוֹת,रुकना,Čekati,Várjon,Սպասել,Tunggu,Bíddu,Attesa,待って,ცდა,Күту,ನಿರೀಕ್ಷಿಸಿ,기다리다,Күтө туруңуз,Laukti,Nogaidīt,Tatari,Почекајте,Хүлээх,प्रतीक्षा करा,Tunggu,Stenna,Vente,Wachten,ਉਡੀਕ ਕਰੋ,Czekać,صانان,Esperar,Aștepta,Ждать,Čakať,Počakati,Pres,Vänta,Kusubiri,காத்திரு,వేచి ఉండండి,รอ,Maghintay,Beklemek,Көтегез,Чекати,انتظار کرو,Kutmoq,Đợi đã,Yima,等待,Linda
left,links,اليسار,sol,левы,наляво,esquerre,"vlevo, odjet",chwith,venstre,links,αριστερά,maldekstre,izquierda,vasakule,ezker,ترک کرد,vasemmalle,à gauche,esquerda.,બાકી,שמאלה,बाएं,lijevo,bal,ձախ,kiri,vinstri,sinistra,左,მარცხენა,сол,ಎಡ,왼쪽,сол,kairėje,pa kreisi,mauī,лево,зүүн,डावीकडे,dibiarkan,Xellug,venstre,links,ਖੱਬੇ,lewo,کیڼ,deixou,stânga,левый,vľavo,levo,lë,vänster,kushoto.,இடது,ఎడమవైపున,ซ้าย,Kaliwa,ayrıldı,сулда,ліворуч,بائیں,chapda,bên trái,khohlo,剩下,-bunxele
new,nuut,الجديد,yeni,новы,нов,nou,Nový,newydd,ny,Neu,νέος,Nova,nuevo,uus,berri,جدید,Uusi,Nouveau,NEW.,નવું,חָדָשׁ,नया,novi,új,նոր,baru,Nýtt,nuovo,新着,ახალი,жаңа,ಹೊಸ,새로운,жаңы,NAUJAS. \ T,jauns,hou,Ново,шинэ,नवीन,baru,New.,ny,nieuwe,ਨਵਾਂ,Nowy,نوی,novo,nou,новый,Nový,novo,i ri,ny,NEW.,புதிய,క్రొత్తగా,ใหม่,Bago,yeni,яңа,новий,نئی,yangi,Mới,intsha,新的,-kwanamuhla
job,taak,مهنة,iş,работа,работа,treball,práce,swydd,job,Arbeit,δουλειά,laboro,trabajo,töö,zeregin,کار,Job,travail,Job.,નોકરી,עבודה,काम,posao,munka,աշխատանք,pekerjaan,starf,lavoro,仕事,სამუშაო,тапсырма,ಕೆಲಸ,직업,жумуш,Job,darbs,mahi,работа,үүрэг,नोकरी,kerja,xogħol,jobb,functie,ਨੌਕਰੀ,stanowisko,دنده,trabalho,loc de munca,работа,zamestnanie,Job.,punë,jobb,kazi,பணி,ఉద్యోగం,งาน,Job.,Görev,эш,робота,کام,ish,Công việc,umsebenzi,工作,umsebenzi
Stop,Stop,قف,Dayanmaq,Прыпынак,Спри се,Atura,Stop,Harnaf,Hold op,Halt,Να σταματήσει,Halti,Detener,Peatama,Geldialdi,متوقف کردن,Lopettaa,Arrêter,Stop.,બંધ,תפסיק,विराम,Stop,Álljon meg,Կանգ առնել,Berhenti,Stöðva,Fermare,やめる,გაჩერება,Тоқта,ನಿಲ್ಲಿಸು,중지,Токтоо,Sustabdyti,Pārtraukt,Puru,Стоп,Зогс,थांबवा,Berhenti,Waqfa,Stoppe,Stoppen,ਰੂਕੋ,Zatrzymać,درېدل,Pare,Stop,Останавливаться,Zastávka,Ustavi,Ndaloj,Sluta,Kuacha,நிறுத்த,ఆపు,หยุด,Hihinto,Durmak,Тукта,Стій,سٹاپ,STOP,Dừng lại,Yeka,停止,Ima
would say,sal sê,سيقول,dediyi,б сказаць,бих казал,diria,řekl,yn dweud,ville sige,würde sagen,θα έλεγα,dirus,diría,ütleks,esango luke,می گویند,sanoisi,dirait,sairía,કહે છે,הייתי אומר,कहेगा,bih rekao,mondanám,կասեր,akan berkata,myndi segja,direi,言うでしょう,ვიტყოდი,айтар еді,ಎಂದು ಹೇಳುವುದು,말하자,айтат,sakyčiau,teiktu,ka mea atu,би кажал,хэлье,म्हणेल,akan berkata,ngħid,ville si,zou zeggen,ਕਹੇਗਾ,powiedziałbym,به ووایی,diria,as spune,я бы сказал,povedal,bi rekel,do të thoja,skulle säga,ungesema,என்று சொல்ல வேண்டும்,చెబుతా,จะพูด,sasabihin,söyleyebilirim,әйтер иде,сказав би,کہیں گے,deb aytadi,sẽ nói,ndingatsho,会说,angasho
Earth,Aarde,الارض,Yer,Зямля,Земя,Terra,Země,Daear,jorden,Erde,Γη,Tero,tierra,Maa,Lur,زمین,Maapallo,Terre,Terra,પૃથ્વી,כדור הארץ,धरती,Zemlja,föld,Երկիր,bumi,Earth.,terra,地球,დედამიწა,Топырақ,ಭೂಮಿ,지구,Жер,Žemė,Zeme,Oneone,Земја,Газар дэлхий,पृथ्वी,Bumi.,Earth.,Jord,aarde,ਧਰਤੀ,Ziemia,ځمکه,terra,Pământ,земной шар,Zeme,Zemlja,Tokë,Jord,Dunia.,பூமியின்,భూమిపై,โลก,Lupa,Dünya,Earthир,Земля,زمین,Er,Trái đất,Umhlaba,地球,Inhlabathi
account,rekening,الحساب,hesab,рахунак,сметка,compte,účet,nghyfrif,konto,Konto,λογαριασμός,Konto,cuenta,konto,kontu,حساب,tili,Compte,conta,હિસાબ,חֶשְׁבּוֹן,कारण,račun,számla,հաշիվ,Akun,reikningur,account,アカウント,ანგარიში,шот,ಖಾತೆ,계정,эсеп,Paskyra,konts,kaute,Сметка,данс,खाते,akaun,kont,regnskap,rekening,ਖਾਤਾ,rachunek,ګڼون,conta,cont,Счет,účtovať,račun,llogaris,konto,akaunti,கணக்கு,ఖాతా,บัญชีผู้ใช้,account.,hesap,хисап,обліковий запис,کھاتہ,hisob,tài khoản,iakhawunti,帐户,I-akhawonti
given,gegonder,معطى,verilmiş,улічваючы,даден,donat,dávka,rhodd,givet,gegeben,δεδομένος,donita,dado,antud,emana,داده شده,annettu,donné,Dado,આપેલ,נָתוּן,दिया गया,dano,adott,տրված,diberikan,gefið,dato,与えた,მოცემული,берілген,ನೀಡಿದ,주어진,берилген,Atsižvelgiant,dots,hoatu,Дадено,өгсөн,दिलेला,diberikan,mogħtija,gitt.,gegeven,ਦਿੱਤਾ ਗਿਆ,dany,ورکړل شوی,dado,dat,данный,daný,Glede na to,i dhënë,given,Kutolewa,கொடுக்கப்பட்ட,ఇచ్చిన,ที่ให้ไว้,ibinigay,verilen,бирелгән,даний,دیا گیا,berilgan,được,inikiwe,给予,-Sebenza
far,ver,بعيدا,uzaq,далёкі,дамски,llunyà,daleko,pellaf,Langt,weit,μακριά,malproksime,lejos,kaugel,urrutiko,دور,kaukana,loin,FAR.,દૂર,רָחוֹק,दूर,daleko,messze,հեռու,jauh,Far.,lontano,遠い,შორეული,алыста,ದೂರದ,멀리,алыс,toli,tālu,tawhiti,Далеку,хол,फारच,jauh,Far.,langt,ver,ਦੂਰ,daleko,لرې,distante,departe,далеко,ďaleko,Daljno,shumë larg,långt,FAR.,இதுவரை,దురముగా,ไกล,malayo,Irak,ерак,далеко,دور,uzoq,xa,kude,远的,-kude
end,einde,نهاية,bitirmək,канец,край,final,konec,clo,ende,Ende,τέλος,fino,fin,lõpp,amai,پایان,loppu,finir,Fin,અંત,סוֹף,समाप्त,kraj,vége,վերջ,akhir,enda,fine,終わり,დასასრული,Соңы,ಕೊನೆ,끝,аягы,pabaiga,beigt,mutunga,крај,Төгсгөл,शेवट,Akhirnya,tmiem,slutt,einde,ਅੰਤ,kończyć się,پای,fim,Sfârșit,конец,koniec,konec,fund,slutet,mwisho,முடிவு,ముగింపు,จบ,dulo,son,ахыр,кінець,آخر,oxiri,chấm dứt,isiphelo,结尾,ukugcina
believe,glo,يصدق,inanmaq,верыць,вярвам,creure,věřit,credwch,tro på,glauben,πιστεύω,kredas,creer,uskuma,sinetsi,ایمان داشتن,uskoa,croire,crer,માનવું,לְהֶאֱמִין,विश्वास करते हैं,vjerovati,hinni,հավատալ,meyakini,trúðu,credere,信じる,რწმენა,сену,ನಂಬು,믿다,ишенүү,tiki,uzskatīt,whakapono,Верувај,итгэх,विश्वास,percaya,Believe,tro,geloven,ਵਿਸ਼ਵਾਸ ਕਰੋ,uważać,باور وکړه,acreditam,cred,полагать,veriť,verjeti,besoj,tro,Amini,நம்பு,నమ్మకం,เชื่อ,naniniwala,inanmak,ышан,вірити,یقین,ishonmoq,tin tưởng,kholwa,相信,kholelwa
large,groot,كبير,böyük,вялікі,голям,gran,velký,mawr,stor,groß,μεγάλο,granda,grande,suur,handi,بزرگ,suuri,grande,grande,મોટી,גָדוֹל,विशाल,velik,nagy,մեծ,besar,stórt,larga,大きい,დიდი,ірі,ದೊಡ್ಡ,크기가 큰,чоң,didelis,liels,nui,Голем,том,मोठे,besar,Kbir,stor,groot,ਵੱਡਾ,wielki,لوی,ampla,mare,большой,veľký,Velika,i madh,stor,kubwa,பெரிய,పెద్దది,ใหญ่,malaki,büyük,зур,великий,بڑے,katta,lớn,enkulu,大,-ningi
rather,liewers,على الاصح,əksinə,даволі,по-скоро,una mica,spíše,yn hytrach,hellere,eher,μάλλον,prefere,bastante,pigem,aitzitik,نسبتا,pikemminkin,plutôt,máis ben,તેના બદલે,אלא,बल्कि,radije,Inkább,ավելի շուտ,lebih tepatnya,frekar,piuttosto,それよりも,ცოტათი,жетер,ಬದಲಿಗೆ,꽤,тескерисинче,Atvirkščiai,drīzāk,engari rā,Наместо тоа,илүү дээр,त्याऐवजी,sebaliknya,Anzi,heller,liever,ਇਸ ਦੀ ਬਜਾਏ,raczej,بلکه,em vez,mai degraba,скорее,skôr,raje,më tepër,snarare,badala,மாறாக,బదులుగా,ค่อนข้าง,sa halip,yerine,киресенчә,скоріше,بلکہ,ancha,hơn là,endaweni yoko,相当,okungcono
will have,sal hê,سوف نحصل على,olacaq,будзе мець,ще има,tindrà,budu mít,bydd,vil have,werde haben,θα έχω,havos,tendrá,on,izango dute,خواهد داشت,tulee olemaan,aura,terá,હશે,יהיה,होगा,će imati,lesz,Կունենա,akan memiliki,mun hafa,avrà,have,მექნება,бар болады,ಹೊಂದಿರುತ್ತದೆ,가질거야,болот,turėsiu,būs,ka whai,ќе имаме,байх болно,आहे,pasti akan,se jkollhom,vil ha,zal hebben,ਹੈ ਜਾਵੇਗਾ,będzie miał,لری به,terá,vom avea,буду иметь,bude mať,bo imel,do të ketë,kommer att ha,itakuwa na,வேண்டும்,ఉంటుంది,จะมี,Magkakaroon,sahip olacak,булачак,матимемо,پڑے گا,bo'ladi,sẽ có,siza Kubane,将有,sizoba
to play,om te speel,للعب,oynamaq,гуляць,да играя,jugar,hrát,i chwarae,at lege,spielen,να παίξουμε,Ludi,para jugar,mängima,jolastu,بازی کردن,pelata,jouer,xogar,રમવું,לשחק,खेलने के लिए,igrati,játszani,խաղալ,bermain,að spila,giocare,遊ぶために,თამაში,ойнау,ಆಡಲು,놀기,ойноо,žaisti,spēlēt,ki te takaro,да играш,тоглох,खेळणे,untuk bermain,biex tilgħab,å leke,spelen,ਖੇਡਣ ਲਈ,grać,لوبیدل,jogar,pentru a juca,играть,hrať,igrati,te luaj,att spela,kucheza,விளையாட,ఆడటానికి,เล่น,Maglaro,oynamak,уйнарга,грати,کھیلنا,o'ynash,chơi,ukudlala,玩,ukudlala
office,kantoor,مكتب. مقر. مركز,iş,установа,Офис,oficina,kancelář,swyddfa,kontor,Sekretariat,γραφείο,Oficejo,oficina,kontor,buelgo,دفتر,toimisto,Bureau,Oficina,કચેરી,מִשׂרָד,कार्यालय,ured,hivatal,գրասենյակ,kantor,Skrifstofa,ufficio,オフィス,სამსახური,офис,ಕಚೇರಿ,사무실,кеңсе,biuras,birojs,tari,канцеларија,оффис,कार्यालय,pejabat,Uffiċċju,kontor,kantoor,ਦਫਤਰ,gabinet,دفتر,escritório,birou,офис,kancelária,Office.,zyrë,kontor,Ofisi,அலுவலகம்,ఆఫీసు,สำนักงาน,opisina,ofis,Офис,офіс,دفتر,idora,văn phòng,iofisi,办公室,ihhovisi
abandon,verlaat,تخلى,tərk etmək,кідаць,изоставен,abandonar,opustit,chyfradawch,opgive,aufgeben,εγκαταλείπω,Abandon,abandonar,loobuma,laga,رها کردن,luopua,abandonner,abandonar,ત્યાગ,לִנְטוֹשׁ,छोड़ना; रद्द करना,napustiti,elhagyott,լքել,meninggalkan,að segja skilið við,abbandono,放棄する,მიტოვება,тастау,ಬಿಟ್ಟುಬಿಡು,버리다,таштоо,apleisti,atteikties,whakarere,напуштање,татгалзах,सोडून देणे,meninggalkan,Abbanduna,forlate,in de steek laten,ਤਿਆਗ,opuścić,پریښودل,abandono,abandon,покидать,opustiť,zapustiti,braktis,överge,kuacha,கைவிட,వదిలివేయడం,ละทิ้ง,abandunahin,terk etmek,ташлау,відмовлятися,چھوڑ دو,voz kechmoq,bỏ rơi,shiya,放弃,shiya
best,beste,الأفضل,ən yaxşı,найлепшы,най-доброто,beste,الأفضل,ən yaxşı,найлепшы,най-доброто,εγκαταλείπω,plej bona,mejor,parim,onena,بهترین,parhaat,meilleur,mellor.,શ્રેષ્ઠ,הטוב ביותר,श्रेष्ठ,najbolje,legjobb,լավագույն,terbaik,best,migliore,一番,საუკეთესო,ең жақсы,ಅತ್ಯುತ್ತಮ,베스트,мыкты,geriausia,vislabāk,te tino pai,Најдобро,хамгийн сайн,सर्वोत्तम,Best.,Best.,beste,best,ਵਧੀਆ,Najlepsza,ښه,melhor,Cel mai bun,Лучший,najlepší,najboljši,më i mirë,bäst,Bora,சிறந்த,బెస్ట్,ดีที่สุด,pinakamahusay,en iyi,иң яхшысы,кращий,بہترین,eng yaxshi,tốt nhất,eyona ilungileyo,最好的,-hle kakhulu